Users
Ang Yi Xun,ayx0909,Customer,Cho030909,No7.Jln Eh9. Taman Heights,3,332
Chew Karmen,ckm11,Customer,Chew2100,9.Jln Sunsuria,5,364
Ang Chee Boon,acb,Customer,Cash160122,No88. Jln 88. Taman 88,9,0
Koh Ee Chu,koh,Customer,koh911,No9. Jln 11. Taman Rich,7,0
Choo Qie Sheng,choo,Customer,choo030207,No88. Jln Puchong,2,0
Geetha,gth123,Customer,Geetha888,XIAMEN University,3,1116
Justin,rider1,Rider,Proton Wira,Silver,VMN1234
Ali,rider2,Rider,Toyota Prius,White,JKL3456
Li Pei,rider3,Rider,Perodua Kancil,Green,PQW1345
Muthu,rider4,Rider,Honda Civic,Black,WQE4498
Jakins,rider5,Rider,Tesla Y8,Red,VQK6699
